,atomic_number,atomic_radius,atomic_radius_rahm,atomic_volume,atomic_weight,boiling_point,c6,c6_gb,covalent_radius_bragg,covalent_radius_cordero,covalent_radius_pyykko,covalent_radius_pyykko_double,covalent_radius_pyykko_triple,covalent_radius_slater,density,dipole_polarizability,electron_affinity,electrons,evaporation_heat,fusion_heat,gas_basicity,glawe_number,heat_of_formation,lattice_constant,mass_number,melting_point,mendeleev_number,metallic_radius,metallic_radius_c12,neutrons,pettifor_number,proton_affinity,protons,specific_heat,thermal_conductivity,vdw_radius,vdw_radius_alvarez,vdw_radius_batsanov,vdw_radius_bondi,vdw_radius_dreiding,vdw_radius_mm3,vdw_radius_rt,vdw_radius_truhlar,vdw_radius_uff,en_Allen,en_Allred_Rochow,en_Cottrell_Sutton,en_Ghosh,en_Gordy,en_Martynov_Batsanov,en_Mulliken,en_Nagle,en_Pauling,en_Sanderson,en_Tardini_Organov,hardness,nvalence,zeff,max_ionenergy,num_oxistates,BulkModulus,ElectronAffinity,FirstIonizationEnergy,FusionEnthalpy,GSbandgap,GSenergy_pa,GSestBCClatcnt,GSestFCClatcnt,GSmagmom,GSvolume_pa,MiracleRadius,NUnfilled,NValence,NdUnfilled,NdValence,NfUnfilled,NfValence,NpUnfilled,NpValence,NsUnfilled,NsValence,SecondIonizationEnergy,ShearModulus,SpaceGroupNumber,n_ws^third,phi
H,1,25.0,154.0,14.1,1.008,20.28,6.499026705,6.51,,31.0,32.0,,,,8.2e-05,4.50711,0.754195,1,0.904,0.117,,103,217.998,3.75,1,14.01,105,,78.0,0,103,,1,,0.1815,110.00000000000001,120.0,,120.0,319.5,162.0,110.00000000000001,,288.6,13.61,0.0009765625,0.1767766952966369,0.2638,0.03125,3.6876054568155743,6.799217002568,0.6053881942690544,2.2,2.187770766240574,3.04,6.422119502568,1,1.0,13.598434005136,2,,72.8,13.598443,0.06,7.853,-3.331290765,2.365120549,2.979865165,0.0,6.615,,1.0,1.0,0.0,0.0,0.0,0.0,0.0,0.0,1.0,1.0,,,194.0,1.5,5.2
He,2,120.0,134.0,31.8,4.002602,4.216,1.42,1.47,,28.000000000000004,46.0,,,,0.000164,1.38375,-19.7,2,0.08,,148.5,1,,3.57,4,0.95,112,,122.0,2,1,177.8,2,5.188,0.152,140.0,143.0,,140.0,,153.0,,,236.20000000000002,24.59,0.0008034026465028355,0.1922407910385578,0.442712,0.03695652173913044,6.2851074392567075,12.293693968,1.1306394133057651,,1.0,3.04,22.143693968,2,1.7,54.41776311,1,,0.0,24.587387,,18.098,0.0011354,2.908733088,3.664774046,0.0,12.305,,0.0,2.0,0.0,0.0,0.0,0.0,0.0,0.0,0.0,2.0,54.41776,,225.0,,
Li,3,145.0,220.00000000000003,13.1,6.94,1118.15,1392.0,1410.0,150.0,128.0,133.0,124.0,,,0.534,164.1125,0.618049,3,148.0,2.89,,12,159.3,3.49,7,553.69,1,123.0,155.0,4,12,,3,3.489,84.8,182.0,212.0,220.00000000000003,181.0,,254.99999999999997,,,245.1,5.392,7.34920006783877e-05,0.0988657478109864,0.105093,0.009774436090225564,2.3220066238062285,2.6958573805,0.18264990313234755,0.98,0.04886792741108169,2.17,2.3868328805,1,1.3,122.4543538,1,11.0,59.6,5.391719,3.0,0.0,-1.86988691,3.213570838,4.048845545,0.0,16.5933333333,152.0,1.0,1.0,0.0,0.0,0.0,0.0,0.0,0.0,1.0,1.0,75.64,4.2,229.0,0.98,2.85
Be,4,105.0,219.0,5.0,9.0121831,3243.0,227.0,214.0,114.99999999999999,96.0,102.0,90.0,85.0,,1.85,37.74,-2.4,4,309.0,12.21,,77,324.0,2.29,9,1551.0,75,89.0,112.0,5,77,,4,1.824,201.0,153.0,198.0,190.0,,,223.0,,153.0,274.5,9.323,0.00018742791234140717,0.13826657968874304,0.144986,0.01911764705882353,3.710380842986337,4.6613495,0.37561480338427883,1.57,0.12684726097522822,2.42,5.8613495,2,1.9500000000000002,217.7185766,1,130.0,0.0,9.3227,7.895,0.0,-3.755038695,2.508239481,3.160183721,0.0,7.89,112.0,0.0,2.0,0.0,0.0,0.0,0.0,0.0,0.0,0.0,2.0,18.21114,132.0,194.0,1.67,5.05
B,5,85.0,204.99999999999997,4.6,10.81,3931.0,99.5,99.2,,84.0,85.0,78.0,73.0,,2.34,20.5,0.279723,5,504.5,23.6,,86,565.0,8.73,11,2573.0,81,80.0,98.0,6,86,,5,1.025,27.4,192.0,191.0,180.0,,401.99999999999994,215.0,,192.0,408.3,12.13,0.00035986159169550173,0.17489492643904125,0.184886,0.03058823529411765,4.877958213569827,4.1490095,0.526973930630441,2.04,0.2546273629910441,3.04,4.009148,3,2.6,340.226008,1,320.0,26.7,8.29802,50.2,1.524,-6.67769815417,2.429779429,3.061330249,0.0,7.1725,88.0,5.0,3.0,0.0,0.0,0.0,0.0,5.0,1.0,0.0,2.0,25.1548,,166.0,1.75,5.3
C,6,70.0,190.0,5.3,12.011,5100.0,46.6,47.9,77.0,73.0,75.0,67.0,60.0,,2.2,11.3,1.262119,6,,,,87,716.87,3.57,12,3820.0,87,,86.0,6,95,,6,0.711,1.59,170.0,177.0,170.0,170.0,389.83,204.0,177.0,,385.1,15.05,0.0005777777777777778,0.20816659994661327,0.22477600000000003,0.043333333333333335,6.083300009041146,5.630148,0.7073926058302301,2.55,0.427525037037037,3.15,4.9990885,4,3.25,489.993177,3,33.0,153.9,11.2603,117.4,4.496,-9.209713655,2.242692341,2.825615289,0.0,5.64,77.0,4.0,4.0,0.0,0.0,0.0,0.0,4.0,2.0,0.0,2.0,24.3833,,194.0,1.77,6.24
N,7,65.0,179.0,17.3,14.007,77.4,24.2,25.7,65.0,71.0,71.0,60.0,54.0,,0.001145,7.4,-1.4,7,,,318.7,88,472.44,4.039,14,63.29,93,,53.0,7,100,342.2,7,,0.026,155.0,166.0,160.0,155.0,366.21000000000004,193.0,164.0,,366.0,18.13,0.0007736560206308273,0.23437059855022074,0.26493,0.054929577464788736,7.306768232262469,7.267065,0.8774979183239392,3.04,0.5774819510384563,3.56,7.967065,5,3.9000000000000004,667.04609,8,,7.0,14.5341,0.355,6.437,-8.21144121,3.091182017,3.894645292,0.0,14.76875,72.0,3.0,5.0,0.0,0.0,0.0,0.0,3.0,3.0,0.0,2.0,29.6013,,194.0,1.65,6.86
O,8,60.0,171.0,14.0,15.999,90.19,15.6,16.7,65.0,66.0,63.0,57.0,53.0,,0.0013080000000000001,5.3,1.4611135,8,,,459.6,97,249.229,6.83,16,54.8,99,,,8,101,485.2,8,,0.027,152.0,150.0,155.0,152.0,340.46,182.0,158.0,,350.0,21.36,0.001146384479717813,0.26874192494328497,0.304575,0.07222222222222222,8.496136416042294,6.809027,1.0422177377665125,3.44,0.9416494074114066,3.78,6.0784702500000005,6,4.55,871.40985,1,,141.0,13.61805,0.22,0.0,-4.756791905,2.630893787,3.314718462,0.0,9.105,64.0,2.0,6.0,0.0,0.0,0.0,0.0,2.0,4.0,0.0,2.0,35.1211,,12.0,,
F,9,50.0,163.0,17.1,18.998403163,85.01,9.52,10.2,67.0,56.99999999999999,64.0,59.0,53.0,,0.001553,3.74,3.4011897000000006,9,6.54,0.51,315.1,102,79.335,,19,53.53,106,,,10,102,340.1,9,,0.028,147.0,146.0,150.0,147.0,347.2,171.0,146.0,,336.4,24.8,0.00126953125,0.2850438562747845,0.344443,0.08125,9.701807858037888,8.71141,1.2323729180642682,3.98,1.017681322991848,4.0,7.010815150000001,7,5.2,1103.11743,1,,328.0,17.4228,0.255,1.97,-1.6980609575,2.687689729,3.386276865,0.0,9.7075,,1.0,7.0,0.0,0.0,0.0,0.0,1.0,5.0,0.0,2.0,34.9708,,15.0,,
Ne,10,160.0,156.0,16.8,20.1797,27.1,6.2,6.91,,57.99999999999999,67.0,96.0,,,0.000825,2.6611,,10,1.74,,174.4,2,,4.43,20,48.0,113,,,10,2,198.8,10,1.029,,154.0,158.0,,154.0,,160.0,181.0,,324.3,28.31,0.0013031855647137448,0.2954884648100851,0.38439,0.08731343283582091,10.918388789102538,,1.4432545345333592,,1.0,4.44,,8,5.8500000000000005,1362.1991,1,,0.0,21.56454,0.164,13.088,0.09403567,2.934893568,3.697734186,0.0,12.64,,0.0,8.0,0.0,0.0,0.0,0.0,0.0,6.0,0.0,2.0,40.96296,,225.0,,
Na,11,180.0,225.0,23.7,22.98976928,1156.1,1518.0,1570.0,177.0,166.0,155.0,160.0,,,0.97,162.7,0.547926,11,97.9,2.64,,11,107.5,4.23,23,370.96,2,157.0,190.0,12,11,,11,1.222,142.0,227.0,250.0,240.0,227.0,,270.0,176.0,,298.3,5.14,9.157127991675336e-05,0.1191366794362541,0.093214,0.01419354838709677,2.2669531755199532,2.56953835,0.18317694670774523,0.93,0.09459763697509314,2.15,2.29557535,1,2.1999999999999993,1648.702,1,6.3,52.8,5.139076,2.6,0.0,-1.26024138333,3.88167309,4.890601634,0.0,29.2433333333,180.0,1.0,1.0,0.0,0.0,0.0,0.0,0.0,0.0,1.0,1.0,47.2864,3.3,229.0,0.82,2.7
Mg,12,150.0,240.0,14.0,24.305,1363.0,626.0,629.0,142.0,141.0,139.0,132.0,127.0,,1.74,71.2,,12,131.8,9.2,797.3,73,147.1,3.21,24,922.0,76,136.0,160.0,12,73,819.6,12,1.025,156.0,173.0,251.0,220.00000000000003,173.0,,243.00000000000003,187.0,,302.1,7.646,0.00014750789296620256,0.14319077177773068,0.121644,0.020503597122302156,3.367603153579709,,0.3039834927283264,1.31,0.1524210584692021,2.39,,2,2.8499999999999996,1962.664,1,45.0,0.0,7.646235,8.48,0.0,-1.54227231,3.577326635,4.50714913,0.0,22.89,160.0,0.0,2.0,0.0,0.0,0.0,0.0,0.0,0.0,0.0,2.0,15.03527,17.0,194.0,1.17,3.45
Al,13,125.0,239.0,10.0,26.9815385,2740.0,528.0,520.0,135.0,121.0,126.0,113.0,111.0,,2.7,57.8,0.43283,13,284.1,10.75,,78,330.9,4.05,27,933.5,82,125.0,143.0,14,80,,13,0.9,237.0,184.0,225.0,210.0,,438.99999999999994,236.0,202.99999999999997,184.0,449.9,9.539,0.0002204585537918871,0.16666666666666666,0.150078,0.027777777777777776,4.213547927024603,2.9928842,0.373019159140294,1.61,0.23609269172239372,2.52,2.7764692,3,3.5,2304.14,1,76.0,42.5,5.985768,10.71,0.0,-3.74542312,3.206237833,4.039606536,0.0,16.48,141.0,5.0,3.0,0.0,0.0,0.0,0.0,5.0,1.0,0.0,2.0,18.82855,26.0,225.0,1.39,4.2
Si,14,110.0,231.99999999999997,12.1,28.085,2628.0,305.0,308.0,117.0,111.00000000000001,115.99999999999999,107.0,102.0,,2.3296,37.3,1.3895211,14,383.0,50.6,814.1,85,450.0,5.43,28,1683.0,88,117.0,138.0,14,85,837.0,14,0.703,149.0,210.0,219.0,210.0,210.0,426.99999999999994,229.0,,,429.5,11.33,0.00030841260404280616,0.18914508206391598,0.178503,0.03577586206896551,5.077704156407696,4.0758415,0.4750985662830595,1.9,0.3468157872145231,2.82,3.3810809500000003,4,4.149999999999999,2673.1774,3,100.0,133.6,8.15168,50.21,0.773,-5.424918005,3.444849839,4.340238825,0.0,20.44,110.0,4.0,4.0,0.0,0.0,0.0,0.0,4.0,2.0,0.0,2.0,16.34584,,227.0,1.5,4.7
P,15,100.0,223.0,17.0,30.973761998,553.0,185.0,187.0,,107.0,111.00000000000001,102.0,94.0,,1.823,25.0,0.746607,15,49.8,2.51,604.8,89,316.5,7.17,31,317.3,94,110.0,128.0,16,90,626.8,15,0.757,,180.0,190.0,195.0,180.0,415.00000000000006,222.00000000000003,,,414.70000000000005,13.33,0.00038957876795714613,0.20795009796401448,0.206931,0.043243243243243225,5.948576233015763,5.243343,0.5848035476425733,2.19,0.4510268934589262,3.16,4.870039500000001,5,4.799999999999999,3069.8414,3,11.0,72.0,10.48669,18.54,1.625,-5.4005090425,3.560590636,4.486063093,0.0,22.5702380952,102.0,3.0,5.0,0.0,0.0,0.0,0.0,3.0,3.0,0.0,2.0,19.7695,,2.0,1.65,5.55
S,16,100.0,214.0,15.5,32.06,717.824,134.0,140.0,102.0,105.0,103.0,94.0,95.0,,2.07,19.4,2.07710403,16,10.5,1.23,640.2,96,277.17,10.47,32,386.0,100,104.0,127.0,16,94,664.3,16,0.732,0.27,180.0,189.0,180.0,180.0,403.0,215.0,,,403.5,15.31,0.0005137147704778961,0.23002743610105142,0.23596,0.0529126213592233,6.787529005462887,5.180005,0.6762643703802266,2.58,0.6397251297670872,3.44,4.141452985000001,6,5.449999999999999,3494.1877,4,7.7,200.0,10.36001,1.721,2.202,-4.09721671875,3.722284555,4.689784664,0.0,25.786875,103.0,2.0,6.0,0.0,0.0,0.0,0.0,2.0,4.0,0.0,2.0,23.33788,,70.0,,
Cl,17,100.0,206.0,18.7,35.45,238.6,94.6,97.1,105.0,102.0,99.0,95.0,93.0,,0.002898,14.6,3.612725,17,20.41,6.41,490.1,101,121.302,6.24,35,172.2,107,,91.0,18,99,513.6,17,,0.009,175.0,182.0,180.0,175.0,395.03,206.99999999999997,,,394.7,16.97,0.0006223854708703193,0.2482260292881502,0.263803,0.06161616161616161,7.640517652620142,6.483815,0.7826754796597776,3.16,0.81237728291421,3.56,4.677452499999999,7,6.1,3946.2908,5,1.1,349.0,12.96763,3.2,2.493,-1.784433755,3.65918124,4.610279469,0.0,24.4975,,1.0,7.0,0.0,0.0,0.0,0.0,1.0,5.0,0.0,2.0,23.8136,,64.0,,
Ar,18,71.0,197.0,24.2,39.948,87.3,64.2,67.4,,106.0,96.0,107.0,96.0,,0.001633,11.083,-11.5,18,6.52,,346.3,3,,5.26,40,83.8,114,,,22,3,369.2,18,0.138,0.0177,188.0,194.0,,188.0,,199.0,,,386.8,19.17,0.000732421875,0.2651650429449553,0.2922,0.0703125,8.49781575759324,7.8798056,0.8970380903159595,,1.0,3.57,13.629805600000001,8,6.75,4426.2227,1,,0.0,15.75961,1.18,9.26,0.05854104,3.850300758,4.851074973,0.0,28.54,,0.0,8.0,0.0,0.0,0.0,0.0,0.0,6.0,0.0,2.0,27.62966,,225.0,,
K,19,220.0,234.0,45.3,39.0983,1047.0,3923.0,3910.0,206.99999999999997,202.99999999999997,196.0,193.0,,,0.89,289.7,0.50147,19,2.33,102.5,,10,89.0,5.23,39,336.8,3,203.0,235.0,20,10,,19,0.753,79.0,275.0,273.0,280.0,275.0,,309.0,,,381.2,4.34,5.726780508121614e-05,0.10594569267279516,0.0981896,0.011224489795918363,2.0834259142095743,2.17033177,0.15112993710096745,0.82,0.12183826306999038,2.07,1.9195967700000003,1,2.1999999999999993,4934.0482,1,3.1,48.4,4.3406633,2.335,0.0,-1.09753971333,5.268200874,6.637517176,0.0,73.1066666667,230.0,1.0,1.0,0.0,0.0,0.0,0.0,0.0,0.0,1.0,1.0,31.63,1.3,229.0,0.65,2.25
Ca,20,180.0,270.0,29.9,40.078,1757.0,2163.0,2230.0,170.0,176.0,171.0,147.0,133.0,,1.54,160.8,0.02455,20,153.6,9.2,,16,177.8,5.58,40,1112.0,7,174.0,197.0,20,16,,20,0.653,,231.0,262.0,240.0,,,281.0,,231.0,339.9,6.1129999999999995,9.746588693957108e-05,0.12909944487358052,0.1154119,0.016666666666666653,2.9987391683839393,3.0565776,0.23169392694814256,1.0,0.19015771608512197,2.2,3.0443026,2,2.849999999999998,5469.8614,1,17.0,2.37,6.11316,8.54,0.0,-1.948329565,4.227260324,5.326014266,0.0,37.77,201.0,0.0,2.0,0.0,0.0,0.0,0.0,0.0,0.0,0.0,2.0,11.87172,7.4,225.0,0.91,2.55
Sc,21,160.0,263.0,15.0,44.955908,3104.0,1383.0,1570.0,,170.0,148.0,116.0,114.0,,2.99,97.0,0.188,21,332.7,15.8,892.0,48,377.8,3.31,45,1814.0,11,144.0,162.0,24,20,914.0,21,0.556,15.8,215.0,258.0,229.99999999999997,,,261.0,,,329.5,7.042000000000001,0.00013696128560993425,0.14237369936287486,0.11938330000000001,0.02027027027027027,3.1113710804081216,3.280745,0.31389411501270365,1.36,0.30386739031992177,2.35,3.186745,3,3.0,6033.754,1,57.0,18.1,6.56149,14.1,0.0,-6.28551309,3.542874021,4.463741557,6.35e-06,22.235,162.0,9.0,3.0,9.0,1.0,0.0,0.0,0.0,0.0,0.0,2.0,12.79977,29.0,194.0,1.27,3.25
Ti,22,140.0,257.0,10.6,47.867,3560.0,1044.0,1200.0,140.0,160.0,136.0,117.0,108.0,,4.506,100.0,0.079,22,422.6,18.8,853.7,51,473.0,2.95,48,1933.0,43,132.0,147.0,26,51,876.0,22,0.523,21.9,211.0,246.0,215.0,,,239.0,,,317.5,8.17,0.00017030709342560546,0.1521898968587677,0.12336369999999999,0.023161764705882344,3.194027238456178,3.41406,0.3419951893353394,1.54,0.4055462030063852,2.23,3.3745600000000002,4,3.1499999999999986,6625.807,3,110.0,7.6,6.82812,14.15,0.0,-7.77522712,3.219799121,4.056692689,2.25333333333e-05,16.69,142.0,8.0,4.0,8.0,2.0,0.0,0.0,0.0,0.0,0.0,2.0,13.5755,44.0,194.0,1.52,3.8
V,23,135.0,252.0,8.35,50.9415,3650.0,832.0,955.0,,153.0,134.0,112.0,106.0,,6.0,87.0,0.525,23,460.0,17.5,836.8,54,515.5,3.02,51,2160.0,47,122.0,134.0,28,54,859.4,23,0.485,30.7,206.99999999999997,242.0,204.99999999999997,,,229.0,,,314.4,9.062999999999999,0.0001837825796391177,0.1569294926763028,0.12733440000000001,0.02462686567164177,3.268500191219208,3.3730935,0.38590782421406483,1.63,0.43888979668807754,2.08,3.1105935,5,3.299999999999997,7246.122,4,160.0,50.6,6.74619,21.5,0.0,-8.93926069,2.963255488,3.733467966,0.0,13.01,134.0,7.0,5.0,7.0,3.0,0.0,0.0,0.0,0.0,0.0,2.0,14.618,47.0,229.0,1.64,4.25
Cr,24,140.0,233.0,7.23,51.9961,2945.0,602.0,709.0,140.0,139.0,122.0,111.0,103.0,,7.15,83.0,0.6659999999999999,24,342.0,21.0,768.4,55,397.48,2.88,52,2130.0,51,119.0,128.0,28,57,791.3,24,0.488,93.9,206.0,245.0,204.99999999999997,,,225.0,,,302.3,9.77,0.0001981994087610857,0.15550025038196064,0.13130529999999999,0.024180327868852453,3.409751823813575,3.383255,0.41657293741783735,1.66,0.6017722849049041,2.12,3.050255,6,2.9499999999999993,7894.799,3,160.0,64.3,6.76651,21.0,0.0,-9.50571654,2.818080279,3.550558664,0.0,11.19,130.0,6.0,6.0,5.0,5.0,0.0,0.0,0.0,0.0,1.0,1.0,16.4857,115.0,229.0,1.73,4.65
Mn,25,140.0,242.0,7.39,54.938044,2235.0,552.0,635.0,147.0,150.0,119.0,105.0,103.0,,7.3,68.0,,25,221.0,13.4,774.4,72,283.3,8.89,55,1517.0,55,118.0,127.0,30,60,797.3,25,0.477,,204.99999999999997,245.0,204.99999999999997,,,224.00000000000003,,,296.1,10.34,0.0002542193347927405,0.17393131069573448,0.1352844,0.030252100840336117,3.396616551805635,,0.4686655621328206,1.55,0.6707264248040073,2.2,,7,3.599999999999998,8571.948,5,120.0,0.0,7.43402,12.91,0.0,-9.02056525034,2.757836487,3.474656242,0.000310120689655,10.4875862069,132.0,5.0,7.0,5.0,5.0,0.0,0.0,0.0,0.0,0.0,2.0,15.64,78.0,217.0,1.61,4.45
Fe,26,140.0,237.0,7.1,55.845,3023.0,482.0,548.0,140.0,142.0,115.99999999999999,109.0,102.0,,7.87,62.0,0.151,26,340.0,13.8,731.1,71,415.5,2.87,56,1808.0,59,117.0,126.0,30,61,754.0,26,0.443,80.4,204.0,244.0,204.99999999999997,,,223.0,,,291.2,10.64,0.0002786860879904876,0.17979873805701907,0.13925320000000002,0.032327586206896554,3.471431102585791,3.9512339,0.5053195481928565,1.83,0.7487270369307356,2.32,3.8757339,8,3.75,9277.681,2,170.0,15.7,7.9024,13.81,0.0,-8.28548436,2.778923379,3.501224062,2.1106628,10.73,125.0,4.0,8.0,4.0,6.0,0.0,0.0,0.0,0.0,0.0,2.0,16.1877,82.0,229.0,1.77,4.93
Co,27,135.0,233.0,6.7,58.933194,3143.0,408.0,461.0,137.0,138.0,111.00000000000001,103.0,96.0,,8.86,55.0,0.66225646,27,389.1,15.48,719.8,70,426.7,2.51,59,1768.0,63,116.0,125.0,32,64,742.7,27,0.456,100.0,200.0,240.0,200.0,,,223.0,,,287.2,10.86,0.00031653274896518117,0.18744368523675348,0.14323629999999998,0.035135135135135116,3.5330871769601155,3.940505,0.5469655075928689,1.88,0.8832423548457146,2.34,3.60937677,9,3.8999999999999986,10012.122,2,180.0,63.7,7.88101,16.2,0.0,-7.080389145,2.736406748,3.447656463,1.5484712,10.245,125.0,3.0,9.0,3.0,7.0,0.0,0.0,0.0,0.0,0.0,2.0,17.084,75.0,194.0,1.75,5.1
Ni,28,135.0,229.0,6.6,58.6934,3005.0,373.0,393.0,135.0,124.0,110.00000000000001,101.0,101.0,,8.9,49.0,1.156,28,378.6,17.61,714.1,69,430.1,3.52,58,1726.0,67,115.0,124.0,30,67,737.0,28,0.443,90.9,197.0,240.0,200.0,,,222.00000000000003,,,283.4,11.13,0.00033471074380165254,0.19188064472004931,0.1472068,0.036818181818181785,3.592263492562872,3.8199385,0.5887550428297939,1.91,0.9377039541419703,2.32,3.2419385000000003,10,4.049999999999997,10775.386,2,180.0,112.0,7.6398,17.48,0.0,-5.54632457,2.74306794,3.456049039,0.5953947,10.32,126.0,2.0,10.0,2.0,8.0,0.0,0.0,0.0,0.0,0.0,2.0,18.16884,76.0,225.0,1.75,5.2
Cu,29,135.0,217.0,7.1,63.546,2840.0,253.0,264.0,137.0,132.0,112.00000000000001,115.0,120.0,,8.96,46.5,1.235,29,304.6,13.01,632.4,68,337.4,3.61,63,1356.6,71,118.0,128.0,34,72,655.3,29,0.385,401.0,196.0,238.0,200.0,,,225.99999999999997,,,349.5,10.96,0.0002949617346938774,0.18175729499999244,0.15117160000000002,0.03303571428571427,3.742911300044392,3.86319,0.6184623183455441,1.9,0.9175541940253901,2.86,3.2456899999999997,11,3.6999999999999993,11567.612,2,140.0,118.4,7.72638,13.6,0.0,-3.68065482,2.807970487,3.537821124,0.0,11.07,126.0,1.0,11.0,0.0,10.0,0.0,0.0,0.0,0.0,1.0,1.0,20.2924,48.0,225.0,1.47,4.45
Zn,30,135.0,222.00000000000003,9.2,65.38,1180.0,284.0,276.0,132.0,122.0,118.0,120.0,,,7.134,38.67,,30,114.8,7.28,586.0,74,130.4,2.66,64,692.73,77,121.0,134.0,34,76,608.6,30,0.388,116.0,200.99999999999997,239.0,210.0,,,229.0,,,276.3,9.395,0.00031241022694627964,0.19200105931911157,0.15515179999999998,0.036864406779661,3.6985530278745498,,0.677021339913045,1.65,0.8100876915361356,2.26,,12,4.349999999999998,12388.928,1,70.0,0.0,9.394199,7.068,0.0,-1.239999915,3.033694224,3.822215211,0.0,13.96,140.0,0.0,12.0,0.0,10.0,0.0,0.0,0.0,0.0,0.0,2.0,17.96439,43.0,194.0,1.32,4.1
Ga,31,130.0,233.0,11.8,69.723,2676.0,498.0,456.0,,122.0,124.0,117.0,121.0,,5.91,50.0,0.43,31,270.3,5.59,,79,271.96,4.51,69,302.93,83,125.0,140.0,38,81,,31,0.372,28.1,187.0,232.0,210.0,187.0,438.99999999999994,246.0,,,438.3,10.39,0.0003251821019771072,0.2008048322256247,0.17237729999999998,0.04032258064516129,4.368082790729437,2.9996509,0.3914867641168864,1.81,0.720540995303547,2.43,2.7846509,3,5.0,13239.488,1,,28.9,5.999301,5.585,0.0,-3.0122553025,3.353549368,4.225207441,0.0,18.8575,134.0,5.0,13.0,0.0,10.0,0.0,0.0,5.0,1.0,0.0,2.0,20.51515,,64.0,1.31,4.1
Ge,32,125.0,234.0,13.6,72.63,3103.0,354.0,365.0,,120.0,121.0,111.0,114.0,,5.3234,40.0,1.232712,32,328.0,36.8,,84,372.0,5.66,74,1210.6,89,124.0,144.0,42,84,,32,0.322,60.2,211.0,229.0,210.0,,426.99999999999994,244.0,,211.0,428.0,11.8,0.0003859026022812648,0.2160884422546311,0.1895892,0.04669421487603305,5.089367470521263,3.9497175,0.4641588833612779,2.01,0.8001470851810186,2.79,3.3333615,4,5.649999999999999,14119.429,2,,119.0,7.89943,36.94,0.383,-4.616039545,3.583307493,4.514684539,0.0,23.005,114.0,4.0,14.0,0.0,10.0,0.0,0.0,4.0,2.0,0.0,2.0,15.93461,,225.0,1.37,4.55
As,33,115.0,231.0,13.1,74.921595,876.0,246.0,260.0,126.0,119.0,121.0,114.0,106.0,,5.75,30.0,0.804,33,32.4,,,90,302.5,4.13,75,1090.0,95,121.0,148.0,42,89,,33,0.328,,185.0,188.0,204.99999999999997,185.0,415.00000000000006,236.0,,,423.00000000000006,13.08,0.0004302984768799946,0.22818000723656606,0.2068208,0.05206611570247934,5.824846779100716,4.8945,0.5503212081491045,2.18,0.8253373013969036,3.15,4.4925,5,6.300000000000001,15028.906,3,22.0,78.0,9.7886,24.44,0.0,-4.650889115,3.539684396,4.459722881,0.0,22.175,115.0,3.0,15.0,0.0,10.0,0.0,0.0,3.0,3.0,0.0,2.0,18.5892,,166.0,1.44,4.8
Se,34,115.0,224.00000000000003,16.5,78.971,958.1,210.0,233.0,117.0,120.0,115.99999999999999,107.0,107.0,,4.809,28.9,2.02067,34,59.7,5.23,,95,227.2,4.36,80,490.0,101,117.0,140.0,46,93,,34,,0.52,190.0,182.0,190.0,190.0,403.0,229.0,,,420.5,14.34,0.000516498216409037,0.24477294193486396,0.2240328,0.05991379310344828,6.528391736612216,4.876196,0.5921310056235959,2.55,0.9659120763307081,3.37,3.865861,6,6.949999999999999,15968.083,3,8.3,195.0,9.75239,6.69,0.799,-3.47079191,3.728679007,4.697841169,0.0,25.92,118.0,2.0,16.0,0.0,10.0,0.0,0.0,2.0,4.0,0.0,2.0,21.19,3.7,14.0,,
Br,35,115.0,219.0,23.5,79.904,331.9,162.0,187.0,119.0,120.0,113.99999999999999,109.0,110.0,,3.1028,21.0,3.3635882000000006,35,29.56,10.57,531.2,100,111.85,6.67,79,265.9,108,,117.0,44,98,554.4,35,,0.005,185.0,186.0,190.0,183.0,395.0,222.00000000000003,,,418.9,15.88,0.0005847953216374271,0.25819888974716115,0.2412578,0.0666666666666667,7.209911927340028,5.906905,0.6933612743506347,2.96,1.0490256529924444,3.45,4.2251109,7,7.600000000000001,16937.126,5,1.9,324.6,11.8138,5.285,1.457,-1.5830253375,3.892116444,4.903759436,0.0,29.48,,1.0,17.0,0.0,10.0,0.0,0.0,1.0,5.0,0.0,2.0,21.591,,64.0,,
Kr,36,,212.0,32.2,83.798,120.85,130.0,136.0,,115.99999999999999,117.0,121.0,108.0,,0.0034249999999999997,16.78,,36,9.05,,402.4,4,,5.72,84,116.6,115,,,48,4,424.6,36,0.247,0.0095,202.0,207.0,,202.0,,215.0,,,414.1,17.54,0.0006026736795967565,0.2655425022718972,0.2584813,0.07051282051282051,7.929311484139086,,0.7812067914124524,,1.0,3.37,,8,8.25,17936.208,1,,0.0,13.99961,1.164,7.535,0.08753524,4.162477568,5.244393107,0.0,36.06,,0.0,18.0,0.0,10.0,0.0,0.0,0.0,6.0,0.0,2.0,24.35984,,225.0,,
Rb,37,235.0,240.0,55.9,85.4678,961.0,4769.0,4660.0,225.0,220.00000000000003,210.0,202.0,,,1.53,319.8,0.48591999999999996,37,75.8,2.2,,9,80.9,5.59,85,312.2,4,216.0,248.0,48,9,,37,0.36,58.2,303.0,321.0,290.0,,,325.0,,303.0,411.4,4.177,4.9886621315192806e-05,0.10235326314383186,0.10468599999999999,0.01047619047619049,2.0438023387793645,2.088564,0.14623135812597138,0.82,0.1764136490487936,2.07,1.8456039999999998,1,2.200000000000003,18965.51,1,2.5,46.9,4.177128,2.19,0.0,-0.963335025,5.661284779,7.132771862,0.0,90.7225,244.0,1.0,1.0,0.0,0.0,0.0,0.0,0.0,0.0,1.0,1.0,27.2895,,229.0,0.6,2.1
Sr,38,200.0,279.0,33.7,87.62,1657.0,3175.0,3230.0,195.0,195.0,185.0,157.0,139.0,,2.64,197.2,0.048,38,144.0,9.2,,15,164.0,6.08,88,1042.0,8,191.0,215.0,50,15,,38,0.301,,249.00000000000003,284.0,254.99999999999997,,,300.0,,249.00000000000003,364.1,5.695,8.327246165084007e-05,0.12411851354816256,0.1185082,0.015405405405405413,2.8918111279957412,2.8474336,0.216458359003971,0.95,0.26317858328528454,2.13,2.8234336,2,2.8500000000000014,20025.23,1,,5.03,5.69485,7.43,0.0,-1.6828136,4.768954732,6.008506453,0.0,54.23,212.0,0.0,2.0,0.0,0.0,0.0,0.0,0.0,0.0,0.0,2.0,11.0301,6.1,225.0,0.84,2.4
Y,39,180.0,274.0,19.8,88.90584,3611.0,,2600.0,,190.0,163.0,130.0,124.0,,4.47,162.0,0.307,39,367.0,11.5,945.9,21,424.7,3.65,89,1795.0,12,162.0,180.0,50,19,967.0,39,0.284,,231.99999999999997,275.0,240.0,,,271.0,,,334.5,6.631,0.00011291354586171855,0.1356646894938404,0.1216986,0.018404907975460124,3.036549028090935,3.10863,0.26456684199469993,1.22,0.39239413055154304,2.52,2.9551299999999996,3,3.0,21115.55,1,41.0,29.6,6.2173,11.39,0.0,-6.464599775,4.015150874,5.058773104,0.0,32.365,179.0,9.0,3.0,9.0,1.0,0.0,0.0,0.0,0.0,0.0,2.0,12.224,26.0,194.0,1.21,3.2
Zr,40,155.0,269.0,14.1,91.224,4650.0,,1360.0,,175.0,154.0,127.0,121.0,,6.52,112.0,0.426,40,567.0,19.2,,49,610.0,3.23,90,2125.0,44,145.0,160.0,50,49,,40,0.281,22.7,223.0,252.0,229.99999999999997,,,254.0,,,312.4,7.808,0.00013282172373081457,0.1430193883868388,0.12488869999999999,0.020454545454545444,3.1435569026184336,3.31695,0.32931687800417475,1.33,0.4744466571464129,2.05,3.1039499999999998,4,3.1499999999999986,22236.68,1,,41.1,6.6339,21.0,0.0,-8.545958555,3.593145393,4.527079516,0.0,23.195,158.0,8.0,4.0,8.0,2.0,0.0,0.0,0.0,0.0,0.0,2.0,13.1,33.0,194.0,1.41,3.45
Nb,41,145.0,250.99999999999997,10.8,92.90637,5015.0,,1140.0,,164.0,147.0,125.0,116.0,,8.57,98.0,0.917406,41,680.0,26.8,,53,733.0,3.3,93,2741.0,48,134.0,146.0,52,52,,41,0.268,53.7,218.00000000000003,256.0,215.0,,,243.00000000000003,,,316.5,8.34,0.00012957563977972127,0.13801311186847076,0.1280782,0.01904761904761903,3.2464480590331335,3.379425,0.37089243584650744,1.6,0.5561694805220695,2.59,2.920722,5,2.799999999999997,23388.8,2,170.0,86.1,6.75885,30.0,0.0,-10.09332153,3.312897187,4.173988903,0.0,18.18,143.0,7.0,5.0,6.0,4.0,0.0,0.0,0.0,0.0,1.0,1.0,14.0,38.0,229.0,1.64,4.05
Mo,42,145.0,244.0,9.4,95.95,4885.0,,1030.0,,154.0,138.0,121.0,113.0,,10.2,87.0,0.748,42,590.0,28.0,,56,658.98,3.15,98,2890.0,52,130.0,139.0,56,55,,42,0.251,,217.0,245.0,210.0,,,239.0,,,305.2,8.71,0.00015490443184205014,0.1462081105623177,0.1312672,0.02137681159420292,3.4097235958358856,3.546215,0.41008825631569273,2.16,0.6852950108024551,2.47,3.172215,6,2.950000000000003,24572.15,5,230.0,71.9,7.09243,37.48,0.0,-10.84610777,3.154164308,3.973998007,0.0,15.69,139.0,6.0,6.0,5.0,5.0,0.0,0.0,0.0,0.0,1.0,1.0,16.16,20.0,229.0,1.77,4.65
Tc,43,135.0,252.0,8.5,97.90721,5150.0,,939.0,,147.0,128.0,120.0,110.0,,11.0,79.0,0.55,43,585.0,23.8,,59,678.0,2.74,98,2445.0,56,127.0,136.0,55,58,,43,0.243,50.6,216.0,244.0,204.99999999999997,,,236.0,,,299.8,8.94,0.0002197265625000001,0.16770509831248426,0.1344592,0.02812500000000001,3.345099475351966,3.5596905,0.4458173673212447,2.1,0.8753613078218101,2.82,3.2846905,7,3.6000000000000014,25786.99,3,,53.0,7.28,33.29,0.0,-10.355151195,3.057056135,3.851649375,0.0,14.285,136.0,5.0,7.0,5.0,5.0,0.0,0.0,0.0,0.0,0.0,2.0,15.26,,194.0,1.81,5.3
Ru,44,130.0,237.0,8.3,101.07,4173.0,,809.0,,146.0,125.0,114.0,103.0,,12.1,72.0,1.05,44,,25.5,751.4,61,650.6,2.7,102,2583.0,60,125.0,134.0,58,63,774.0,44,0.238,117.0,213.0,246.0,204.99999999999997,,,234.0,,,296.3,9.1,0.000208,0.161245154965971,0.1376494,0.026,3.4727870651682635,3.68025,0.4807498567691361,2.2,0.9579372713964337,2.68,3.15525,8,3.25,27033.5,5,220.0,101.3,7.3605,38.59,0.0,-9.19463357,3.000740558,3.780696194,0.0,13.51,134.0,4.0,8.0,3.0,7.0,0.0,0.0,0.0,0.0,1.0,1.0,16.76,173.0,194.0,1.83,5.4
Rh,45,135.0,233.0,8.3,102.9055,4000.0,,708.0,,142.0,125.0,110.0,106.0,,12.4,66.0,1.137,45,494.0,21.8,745.4,63,556.0,3.8,103,2239.0,64,125.0,134.0,58,66,768.0,45,0.244,150.0,210.0,244.0,200.0,,,234.0,,,292.9,9.259,0.00021759999999999992,0.16492422502470638,0.1408379,0.027199999999999988,3.573436721141148,3.72945,0.5147142492000893,2.28,0.976191488,2.65,3.1609499999999997,9,3.3999999999999986,28311.96,5,380.0,109.7,7.4589,26.59,0.0,-7.25364552,3.010334727,3.79278409,0.0,13.64,132.0,3.0,9.0,2.0,8.0,0.0,0.0,0.0,0.0,1.0,1.0,18.08,150.0,225.0,1.76,5.4
Pd,46,140.0,215.0,8.9,106.42,3413.0,,628.0,,139.0,120.0,117.0,112.0,,12.0,26.14,0.562,46,372.4,17.24,673.4,65,376.6,3.89,106,1825.0,68,128.0,137.0,60,69,696.0,46,0.244,71.8,210.0,215.0,204.99999999999997,,,237.0,,,289.9,9.402000000000001,0.00047569444444444455,0.23892118644719088,0.1440276,0.05708333333333335,3.7260475037229464,4.16843,0.7714217643850214,2.2,1.1242632181006451,2.7,3.8874299999999997,12,6.850000000000001,29622.6,2,180.0,53.7,8.3369,16.74,0.0,-5.13777457,3.065947111,3.862851303,0.0,14.41,142.0,0.0,10.0,0.0,10.0,0.0,0.0,0.0,0.0,0.0,0.0,19.43,44.0,225.0,1.67,5.45
Ag,47,160.0,225.0,10.3,107.8682,2485.0,,341.0,177.0,145.0,128.0,139.0,137.0,,10.5,55.0,1.3019999999999998,47,254.1,11.95,,67,284.9,4.09,107,1235.1,72,134.0,144.0,60,71,,47,0.237,429.0,211.0,253.0,210.0,,,243.00000000000003,,,314.8,11.05,0.00022583007812500017,0.17001838135919312,0.1472165,0.028906250000000022,3.811865291428856,3.788117,0.5848035476425733,1.93,0.9437954801917894,2.88,3.1371170000000004,11,3.700000000000003,30965.7,2,100.0,125.6,7.57623,11.3,0.0,-2.76539356,3.196480506,4.027313074,0.0,16.33,144.0,1.0,11.0,0.0,10.0,0.0,0.0,0.0,0.0,1.0,1.0,21.47746,30.0,225.0,1.36,4.35
Cd,48,155.0,238.0,13.1,112.414,1038.0,,405.0,160.0,144.0,136.0,144.0,,,8.69,46.0,,48,59.1,6.11,,75,111.8,2.98,114,594.1,78,138.0,151.0,66,75,,48,0.232,96.9,218.00000000000003,249.0,220.00000000000003,,,250.0,,,284.8,8.995,0.00023518598615916963,0.17884432928568653,0.1504066,0.03198529411764707,3.598759091687022,,0.6389611770544147,1.69,0.8015620376731044,2.36,,12,4.350000000000001,32341.49,1,42.0,0.0,8.99382,6.21,0.0,-0.812174225,3.390921571,4.272293466,0.0,19.495,157.0,0.0,12.0,0.0,10.0,0.0,0.0,0.0,0.0,0.0,2.0,16.90831,19.0,194.0,1.24,4.05
In,49,155.0,246.0,15.7,114.818,2353.0,779.0,643.0,,142.0,142.0,136.0,146.0,,7.31,65.0,0.3,49,225.1,3.24,,80,243.0,4.59,115,429.32,84,142.0,158.0,66,79,,49,0.234,81.8,193.0,243.0,220.00000000000003,193.0,459.0,264.0,,,446.3,9.793,0.0002479666732791113,0.18764665626020038,0.16423,0.035211267605633804,4.191297022800142,2.8931776,0.3587037905349503,1.78,0.7172746990204197,2.29,2.7431776,3,5.0,33750.31,1,,28.9,5.78636,3.291,0.0,-2.66680196,3.647317727,4.595332379,0.0,24.26,155.0,5.0,13.0,0.0,10.0,0.0,0.0,5.0,1.0,0.0,2.0,18.8703,,139.0,1.17,3.9
Sn,50,145.0,248.0,16.3,118.71,2543.0,659.0,715.0,140.0,139.0,140.0,130.0,132.0,,7.287,53.0,1.112067,50,296.0,7.07,,83,301.2,5.82,120,505.1,90,142.0,163.0,70,83,,50,0.222,66.8,217.0,242.0,225.0,217.0,447.0,259.0,,,439.19999999999993,10.79,0.0002882653061224493,0.20089087300607486,0.178052,0.0403571428571429,4.82736333312503,3.6719585,0.42259858696436514,1.96,0.7622796669226185,2.68,3.1159250000000003,4,5.650000000000006,35192.39,2,58.0,107.3,7.34392,7.15,0.0,-3.96104709,4.052840562,5.106259136,0.0,33.285,155.0,4.0,14.0,0.0,10.0,0.0,0.0,4.0,2.0,0.0,2.0,14.6322,18.0,141.0,1.24,4.15
Sb,51,145.0,246.0,18.4,121.76,1908.0,492.0,504.0,140.0,139.0,140.0,133.0,127.0,,6.68,43.0,1.046,51,195.2,20.08,,91,264.4,4.51,121,903.9,96,139.0,166.0,70,88,,51,0.205,24.43,206.0,247.0,220.00000000000003,,434.99999999999994,252.0,,206.0,442.0,11.74,0.00032142857142857163,0.21213203435596434,0.19187739999999998,0.04500000000000003,5.465562898732389,4.3041945,0.48809068144769724,2.05,0.7762722168232371,3.05,3.7811945000000002,5,6.300000000000004,36668.05,3,42.0,103.2,8.60839,19.79,0.0,-4.11736234,3.981581991,5.016478962,0.0,31.56,155.0,3.0,15.0,0.0,10.0,0.0,0.0,3.0,3.0,0.0,2.0,16.63,20.0,166.0,1.26,4.4
Te,52,140.0,242.0,20.5,127.6,1263.0,445.0,471.0,133.0,138.0,136.0,128.0,121.0,,6.232,38.0,1.9708759999999999,52,49.8,17.91,,94,196.6,4.45,130,722.7,102,137.0,160.0,78,92,,52,0.201,14.3,206.0,199.0,210.0,206.0,423.00000000000006,244.0,,,447.0,12.76,0.0003757569204152251,0.22605959651488058,0.20569920000000003,0.05110294117647061,6.0774605442295275,4.50483,0.5404919349372261,2.1,0.862250634571203,3.14,3.5193920000000003,6,6.950000000000003,38177.56,3,65.0,190.2,9.0096,17.38,0.464,-3.14130250667,4.111975037,5.180763906,0.0,34.7633333333,140.0,2.0,16.0,0.0,10.0,0.0,0.0,2.0,4.0,0.0,2.0,18.6,16.0,152.0,,
I,53,140.0,238.0,25.7,126.90447,457.5,385.0,389.0,140.0,139.0,133.0,129.0,125.0,,4.933,32.9,3.0590368,53,41.95,15.52,583.5,99,106.757,7.72,127,386.7,109,,139.0,74,97,608.2,53,,,198.0,204.0,210.0,198.0,415.00000000000006,236.0,,,450.0,13.95,0.0004296455424274974,0.23904572186687875,0.21951759999999998,0.057142857142857155,6.686975827254479,5.22563,0.5969904456989195,2.66,0.9386428662389749,3.2,3.6961116,7,7.600000000000001,39721.41,4,7.7,295.2,10.45126,7.76,1.062,-1.5054024175,4.414518159,5.561944354,0.0,43.015,,1.0,17.0,0.0,10.0,0.0,0.0,1.0,5.0,0.0,2.0,19.1313,,64.0,,
Xe,54,,231.99999999999997,42.9,131.293,166.1,,302.0,,140.0,131.0,135.0,122.0,,0.005365999999999999,27.32,-0.055999999999999994,54,12.65,,478.1,5,,6.2,132,161.3,116,,,78,5,499.6,54,0.158,0.0057,216.0,228.0,,216.0,,227.99999999999997,,,440.4,15.27,0.0004807412155468796,0.25095238440118717,0.2333511,0.06297709923664122,7.286765770045035,6.06492155,0.6640535416946376,2.6,1.0,3.12,6.09292155,8,8.25,41299.71,1,,0.0,12.12984,2.27,6.456,0.04873128,4.751892136,5.987008929,0.0,53.65,,0.0,18.0,0.0,10.0,0.0,0.0,0.0,6.0,0.0,2.0,20.975,,225.0,,
Cs,55,260.0,249.00000000000003,70.0,132.90545196,951.6,,6660.0,237.0,244.0,231.99999999999997,209.0,,,1.873,400.9,0.47162600000000005,55,68.3,2.09,,8,76.5,6.05,133,301.6,5,235.0,267.0,78,8,,55,0.241,35.9,343.0,348.0,300.0,,,344.0,,343.0,451.69999999999993,3.898,4.087395957193823e-05,0.09737945687202033,0.1542125,0.009482758620689669,1.9732981396636444,1.946952774,0.1356192425884135,0.79,0.18145305327400574,1.97,1.711139774,1,2.200000000000003,42912.99,1,1.6,45.5,3.893905,2.09,0.0,-0.85462646,6.140481453,7.736521839,0.0,115.765,264.0,1.0,1.0,0.0,0.0,0.0,0.0,0.0,0.0,1.0,1.0,23.15744,,229.0,0.55,1.95
Ba,56,215.0,293.0,39.0,137.327,1910.0,,5540.0,210.0,215.0,196.0,161.0,149.0,,3.62,272.0,0.14462,56,142.0,7.66,,14,179.1,5.02,138,1002.0,9,198.0,222.0,82,14,,56,0.192,,268.0,303.0,270.0,,,307.0,,268.0,370.3,5.211,7.418783840066642e-05,0.12058530725810097,0.1586786,0.01454081632653062,2.758214096113643,2.605832,0.19445555936641015,0.89,0.3032951354980469,2.02,2.533522,2,2.8500000000000014,44561.47,1,9.6,13.95,5.211664,7.12,0.0,-1.92352226,5.028899311,6.3360161,0.0,63.59,223.0,0.0,2.0,0.0,0.0,0.0,0.0,0.0,0.0,0.0,2.0,10.00383,4.9,229.0,0.81,2.32
La,57,195.0,284.0,22.5,138.90547,3730.0,,3730.0,,206.99999999999997,180.0,139.0,139.0,,6.15,215.0,0.47,57,402.0,8.5,991.9,32,431.0,3.75,139,1194.0,13,169.0,187.0,82,33,1013.0,57,0.197,13.4,243.00000000000003,298.0,250.0,,,278.0,,,352.2,,9.259259259259259e-05,0.12909944487358055,0.163142,0.016666666666666666,2.8949801381011233,2.78845,0.24074702639089965,1.1,0.3946505292779951,2.49,2.55345,3,3.0,46245.6,1,28.0,48.0,5.5769,6.2,0.0,-4.927546185,4.194456026,5.28468344,0.0,36.8975,187.0,9.0,3.0,9.0,1.0,0.0,0.0,0.0,0.0,0.0,2.0,11.059,14.0,194.0,1.18,3.17
Ce,58,185.0,282.0,21.0,140.116,3699.0,,3480.0,,204.0,163.0,137.0,131.0,,6.77,205.0,0.65,58,398.0,5.2,,31,420.1,5.16,140,1072.0,15,,,82,32,,58,0.205,11.3,242.0,288.0,,,,274.0,,,355.6,,0.00011291354586171855,0.1356646894938404,0.16760999999999998,0.018404907975460124,2.86256877646634,2.7693,0.21367745949970848,1.12,0.5356179292473966,2.61,2.4442999999999997,2,3.0,47965.72,2,22.0,50.0,5.5387,5.46,0.0,-4.77656965,4.207394381,5.300984746,0.0,37.24,182.0,22.0,4.0,9.0,1.0,13.0,1.0,0.0,0.0,0.0,2.0,10.85,14.0,194.0,1.19,3.18
Pr,59,185.0,286.0,20.8,140.90766,3785.0,,3760.0,,202.99999999999997,176.0,138.0,128.0,,6.773,216.0,0.9620000000000001,59,331.0,11.3,,30,356.9,3.67,141,1204.0,17,,,82,31,,59,0.192,12.5,240.0,292.0,,,,273.0,,,360.6,,9.20067148760331e-05,0.12725243344699474,0.17207999999999998,0.016193181818181825,2.830459326681802,2.7365,0.20998684164914555,1.13,0.4288040164390691,2.24,2.2555,2,2.8500000000000014,49722.2,2,29.0,50.0,5.473,6.89,0.0,-4.77382996,4.14761076,5.225662103,0.0,35.675,183.0,11.0,5.0,0.0,0.0,11.0,3.0,0.0,0.0,0.0,2.0,10.55,15.0,194.0,1.2,3.19
Nd,60,185.0,284.0,20.6,144.242,3341.0,,3560.0,,200.99999999999997,174.0,137.0,,,7.01,208.0,1.916,60,289.0,7.1,,29,326.9,3.66,142,1294.0,19,,,82,30,,60,0.205,,239.0,295.0,,,,273.0,,,357.5,,9.413396749900916e-05,0.1279816797234182,0.176539,0.016379310344827595,2.85,2.7625,0.2126451851414951,1.14,0.4472180169144809,2.11,1.8045000000000002,2,2.8500000000000014,51515.58,1,32.0,50.0,5.525,7.14,0.0,-4.76235134,4.1138142,5.183081107,0.0,34.81,182.0,10.0,6.0,0.0,0.0,10.0,4.0,0.0,0.0,0.0,2.0,10.72,16.0,194.0,1.2,3.19
Pm,61,185.0,283.0,,144.91276,3000.0,,3340.0,,199.0,173.0,135.0,,,7.26,200.0,,61,,,,28,,,145,1441.0,21,,,84,29,,61,0.185,17.9,238.0,,,,,272.0,,,354.7,,9.522536670119287e-05,0.12835103598844214,0.1810032,0.016473988439306367,2.870714196850672,,0.2154434690031884,,0.4585537190199959,2.24,,2,2.8500000000000014,53346.1,1,33.0,50.0,5.582,,0.0,-4.7446213425,4.075342789,5.134610166,0.0,33.8425,185.0,9.0,7.0,0.0,0.0,9.0,5.0,0.0,0.0,0.0,2.0,10.9,18.0,194.0,1.21,3.19
Sm,62,185.0,280.0,19.9,150.36,2064.0,,3130.0,,198.0,172.0,134.0,,,7.52,192.0,,62,165.0,8.9,,27,206.7,9.0,152,1350.0,23,,,90,28,,62,0.18,,236.0,290.0,,,,271.0,,,352.0,,9.633585722011903e-05,0.12872360871984778,0.185468,0.016569767441860474,2.8908225473037947,,0.21839511618407473,1.17,0.4702145151871456,1.9,,2,2.8500000000000014,55214.23,2,38.0,50.0,5.6437,8.62,0.0,-4.713379635,4.050607032,5.103445064,0.0,33.23,185.0,8.0,8.0,0.0,0.0,8.0,6.0,0.0,0.0,0.0,2.0,11.07,20.0,166.0,1.21,3.2
Eu,63,185.0,280.0,28.9,151.964,1870.0,,2940.0,,198.0,168.0,134.0,,,5.24,184.0,0.8640000000000001,63,176.0,,,17,177.4,4.61,153,1095.0,25,,,90,18,,63,0.176,13.9,235.0,287.0,,,,294.0,,,349.3,,0.00010097789115646263,0.13024701806293196,0.189935,0.016964285714285723,2.9078673456676114,2.8351925,0.22151546799151525,,0.5085079692028187,1.81,2.4031925,2,2.8500000000000014,57120.6,2,8.3,50.0,5.67038,9.21,0.0,-1.82958684,4.177811939,5.263713205,0.0,36.46,196.0,7.0,9.0,0.0,0.0,7.0,7.0,0.0,0.0,0.0,2.0,11.25,7.9,229.0,0.88,2.5
Gd,64,180.0,277.0,19.9,157.25,3539.0,,2340.0,,196.0,169.0,135.0,132.0,,7.9,158.0,,64,398.0,,,26,397.5,3.64,158,1586.0,27,,,94,27,,64,0.23,,234.0,283.0,,,,271.0,,,336.8,,0.00010503833899373271,0.13323467750529824,0.1944,0.01775147928994083,3.0199168862735277,,0.23305457683800562,1.2,0.5033860422181061,2.4,,2,3.0,59065.52,1,38.0,50.0,6.1498,9.67,0.0,-4.65442131,4.002082249,5.042307669,0.0,32.05,176.0,16.0,10.0,9.0,1.0,7.0,7.0,0.0,0.0,0.0,2.0,12.09,22.0,194.0,1.21,3.2
Tb,65,175.0,276.0,19.2,158.92535,3296.0,,2590.0,,194.0,168.0,135.0,,,8.23,170.0,1.165,65,389.0,,,25,388.7,3.6,159,1629.0,29,,,94,26,,65,0.183,11.1,233.0,279.0,,,,270.0,,,345.1,,0.00010097789115646263,0.13024701806293196,0.198863,0.016964285714285723,2.948202842410949,2.9319,0.22743660195259535,,0.5163695143708502,2.29,2.3494,2,2.8500000000000014,61049.64,2,38.7,50.0,5.8638,10.15,0.0,-4.62921769667,3.988997542,5.025821971,0.0,31.7366666667,176.0,5.0,11.0,0.0,0.0,5.0,9.0,0.0,0.0,0.0,2.0,11.52,22.0,194.0,1.22,3.21
Dy,66,175.0,275.0,19.0,162.5,2835.0,,2430.0,,192.0,167.0,133.0,,,8.55,163.0,0.35200000000000004,66,291.0,,,24,290.4,3.59,164,1685.0,31,,,98,25,,66,0.173,10.7,231.0,287.0,,,,290.0,,,342.8,,0.0001021908279249884,0.13063639716202013,0.20332999999999998,0.01706586826347306,2.9672419854133905,2.969525,0.23064681602851372,1.22,0.5297338282833649,2.07,2.793525,2,2.8500000000000014,63073.5,1,41.0,50.0,5.9389,11.35,0.0,-4.60155445333,3.968079278,4.99946661,0.0,31.24,175.0,4.0,12.0,0.0,0.0,4.0,10.0,0.0,0.0,0.0,2.0,11.67,25.0,194.0,1.22,3.21
Ho,67,175.0,273.0,18.7,164.93033,2968.0,,2280.0,,192.0,166.0,133.0,,,8.8,156.0,,67,301.0,,,23,300.6,3.58,165,1747.0,33,,,98,24,,67,0.164,,229.99999999999997,281.0,,,,267.0,,,340.9,,0.00010342575119756164,0.1310292894691688,0.20779499999999998,0.017168674698795232,2.9850879384031552,,0.23404631038831514,1.23,0.5434919381047134,2.12,,2,2.8500000000000085,65136.8,1,40.0,50.0,6.0215,11.76,0.0,-4.57741687667,3.946510119,4.972291172,0.0,30.7333333333,177.0,3.0,13.0,0.0,0.0,3.0,11.0,0.0,0.0,0.0,2.0,11.8,26.0,194.0,1.22,3.22
Er,68,175.0,272.0,18.4,167.259,3136.0,,2150.0,,189.0,165.0,133.0,,,9.07,150.0,,68,317.0,,,22,316.4,3.56,166,1802.0,35,,,98,23,,68,0.168,,229.0,283.0,,,,267.0,,,339.1,,0.00010468319559228682,0.13142574813455438,0.212261,0.017272727272727325,3.0031400233755337,,0.23712622029933755,1.24,0.5576573085473363,2.02,,2,2.8500000000000085,67241.85,1,44.0,50.0,6.1077,19.9,0.0,-4.563633745,3.940150647,4.964278739,0.0,30.585,175.0,2.0,14.0,0.0,0.0,2.0,12.0,0.0,0.0,0.0,2.0,11.93,28.0,194.0,1.23,3.22
Tm,69,175.0,271.0,18.1,168.93422,2220.0,,2020.0,,190.0,164.0,131.0,,,9.321,144.0,1.0290000000000001,69,232.0,,,20,232.2,3.54,169,1818.0,37,,,100,22,,69,0.16,,227.0,279.0,,,,267.0,,,337.4,,0.00010596371207614547,0.1318258274409376,0.2167244,0.01737804878048786,3.0194627005478973,3.092155,0.2403749283845681,1.25,0.5722439379761333,2.03,2.577655,2,2.8500000000000085,69387.34,2,45.0,50.0,6.18431,16.84,0.0,-4.47387849,3.905274476,4.920337518,0.0,29.78,175.0,1.0,15.0,0.0,0.0,1.0,13.0,0.0,0.0,0.0,2.0,12.05,31.0,194.0,1.23,3.22
Yb,70,175.0,277.0,24.8,173.045,1466.0,,1910.0,,187.0,170.0,129.0,,,6.9,139.0,-0.02,70,159.0,3.35,,18,155.6,5.49,174,1097.0,39,,,104,17,,70,0.145,,225.99999999999997,280.0,,,,279.0,,,335.5,,9.86159169550176e-05,0.12947859237091278,0.22119,0.01676470588235299,3.0358972314622243,3.12708,0.24322323758110612,,0.5176678455119073,1.78,3.1370799999999996,2,2.8500000000000085,71574.79,2,31.0,50.0,6.25416,7.66,0.0,-1.47410408,4.086451411,5.148606152,0.0,34.12,190.0,0.0,16.0,0.0,0.0,0.0,14.0,0.0,0.0,0.0,2.0,12.176,9.9,225.0,0.92,2.58
Lu,71,175.0,270.0,17.8,174.9668,3668.0,,2020.0,,187.0,162.0,131.0,131.0,,9.84,137.0,0.34,71,414.0,,970.6,19,427.6,3.51,175,1936.0,41,,,104,21,992.0,71,0.155,,224.00000000000003,274.0,,,,265.0,,,364.0,6.455,0.00011431184270690443,0.13608276348795434,0.22565,0.018518518518518517,3.1085262585347415,2.7129355,0.24440109245300048,1.0,0.6027397824064642,2.68,2.5429355,2,3.0,73804.8,1,48.0,50.0,5.42586,18.65,0.0,-4.52300002,3.864860763,4.869419431,0.0022471,28.865,175.0,9.0,17.0,9.0,1.0,0.0,14.0,0.0,0.0,0.0,2.0,13.9,27.0,194.0,1.24,3.22
Hf,72,155.0,264.0,13.6,178.49,5470.0,,1040.0,,175.0,152.0,128.0,122.0,,13.3,103.0,0.013999999999999999,72,575.0,25.1,,50,618.4,3.2,180,2503.0,45,144.0,159.0,108,50,,72,0.146,23.0,223.0,263.0,225.0,,,252.99999999999997,,,314.1,6.83,0.00013634002770083128,0.1439572304906091,0.229987,0.020723684210526352,3.303412629387979,3.412535,0.33864207939128904,1.3,0.735212465576292,2.01,3.405535,4,3.1500000000000057,76077.8,1,110.0,0.0,6.82507,27.2,0.0,-9.954299335,3.541014105,4.461398209,0.0,22.2,158.0,8.0,18.0,8.0,2.0,0.0,14.0,0.0,0.0,0.0,2.0,15.0,30.0,194.0,1.45,3.6
Ta,73,145.0,258.0,10.9,180.94788,5698.0,,887.0,,170.0,146.0,126.0,119.0,,16.4,74.0,0.322,73,758.0,24.7,,52,782.0,3.31,181,3269.0,49,134.0,146.0,108,53,,73,0.14,57.5,222.00000000000003,253.0,220.00000000000003,,,243.00000000000003,,,317.0,7.93,0.00015481328579470874,0.15034207570080796,0.23458099999999998,0.022602739726027474,3.445980992402599,3.774785,0.4072984539210855,1.5,0.8358832129444371,2.32,3.613785,5,3.3000000000000114,78394.7,1,200.0,31.0,7.54957,36.57,0.0,-11.85139954,3.309248619,4.169391995,0.0,18.12,145.0,7.0,19.0,7.0,3.0,0.0,14.0,0.0,0.0,0.0,2.0,,69.0,229.0,1.63,4.05
W,74,135.0,252.99999999999997,9.53,183.84,5930.0,,757.0,,162.0,137.0,120.0,115.0,,19.3,68.0,0.81626,74,824.0,35.0,,57,851.0,3.16,184,3680.0,53,130.0,139.0,110,56,,74,0.133,173.0,218.00000000000003,257.0,210.0,,,239.0,,,309.6,8.67,0.00018381373541477984,0.15868989177583062,0.2390504,0.025182481751824838,3.4831042189403405,3.932015,0.44519209670080934,1.7,1.0192832204667641,2.42,3.523885,6,3.450000000000003,80755.6,6,310.0,78.6,7.86403,52.31,0.0,-12.95880062,3.178105751,4.004162334,0.0,16.05,135.0,6.0,20.0,6.0,4.0,0.0,14.0,0.0,0.0,0.0,2.0,16.1,161.0,229.0,1.81,4.8
Re,75,135.0,249.00000000000003,8.85,186.207,5900.0,,663.0,,151.0,131.0,119.0,110.0,,20.8,62.0,0.15,75,704.0,34.0,,58,774.0,2.76,187,3453.0,57,128.0,137.0,112,59,,75,0.138,48.0,216.0,249.0,204.99999999999997,,,237.0,,,295.4,9.46,0.00020977798496591156,0.16577368919866148,0.24351639999999997,0.027480916030534416,3.4952482029177845,3.91676,0.48332076050128514,1.9,1.1745918852993071,2.59,3.84176,7,3.6000000000000085,83162.3,5,370.0,14.5,7.83352,34.08,0.0,-12.417027765,3.083225384,3.884620563,0.0,14.655,137.0,5.0,21.0,5.0,5.0,0.0,14.0,0.0,0.0,0.0,2.0,,178.0,194.0,1.85,5.2
Os,76,130.0,244.0,8.43,190.23,5300.0,,584.0,,144.0,129.0,116.0,109.0,,22.5872,57.0,1.1,76,738.0,31.7,,60,787.0,2.74,192,3327.0,61,126.0,135.0,116,62,,76,0.131,,216.0,248.0,200.0,,,235.0,,,312.0,9.78,0.00022534703443302686,0.17049858486761837,0.24798449999999997,0.029069767441860465,3.566386827028162,4.219115,0.5196828406118894,2.2,1.2392758895983609,2.72,3.6691150000000006,8,3.75,85614.4,7,,106.1,8.43823,57.85,0.0,-11.22070399,3.043082054,3.834043137,0.0,14.09,135.0,4.0,22.0,4.0,6.0,0.0,14.0,0.0,0.0,0.0,2.0,,222.0,194.0,1.85,5.4
Ir,77,135.0,240.0,8.54,192.217,4403.0,,522.0,,141.0,122.0,115.0,107.0,,22.5622,54.0,1.5638,77,604.0,27.61,,62,669.0,3.84,193,2683.0,65,127.0,136.0,116,65,,77,0.133,147.0,213.0,241.0,200.0,,,236.0,,,284.0,9.96,0.00026202633700618153,0.17879377258381832,0.25106,0.031967213114754145,3.6032637982806643,4.48351,0.5503212081491045,2.2,1.4759983395995084,2.79,3.7016099999999996,9,3.9000000000000057,88113.3,7,320.0,151.0,8.96702,41.12,0.0,-8.84851145,3.051696628,3.84489682,0.0,14.21,136.0,3.0,23.0,3.0,7.0,0.0,14.0,0.0,0.0,0.0,2.0,,210.0,225.0,1.83,5.55
Pt,78,135.0,229.99999999999997,9.1,195.084,4100.0,,470.0,,136.0,123.0,112.0,110.0,,21.5,48.0,2.128,78,470.0,21.76,,64,565.7,3.92,195,2045.0,69,130.0,139.0,117,68,,78,0.133,71.6,213.0,229.0,204.99999999999997,,,239.0,,,275.4,10.16,0.00023464868795029396,0.16988757640830054,0.25690999999999997,0.028861788617886155,3.709368544644762,4.479415,0.5928155507483438,2.2,1.4510095714121427,2.98,3.4154150000000003,10,3.549999999999997,90660.0,3,230.0,205.3,8.9588,22.175,0.0,-6.02850968,3.108612885,3.91660681,0.0,15.02,139.0,2.0,24.0,1.0,9.0,0.0,14.0,0.0,0.0,1.0,1.0,18.563,61.0,225.0,1.78,5.65
Au,79,135.0,225.99999999999997,10.2,196.966569,3080.0,,427.0,,136.0,124.0,121.0,123.0,,19.3,36.0,2.30863,79,340.0,12.68,,66,368.2,4.08,197,1337.58,73,134.0,144.0,118,70,,79,0.129,318.0,214.0,232.0,210.0,,,243.00000000000003,,,329.3,11.33,0.0002406347554630595,0.17273884819987476,0.26137,0.02983870967741938,3.8359192509749214,4.6127765,0.6735400034370318,2.4,1.4267006758328493,2.81,3.4584615,11,3.700000000000003,93254.3,2,220.0,222.8,9.22553,12.55,0.0,-3.20969261,3.220442052,4.057502731,0.0,16.7,143.0,1.0,25.0,0.0,10.0,0.0,14.0,0.0,0.0,1.0,1.0,20.2,27.0,225.0,1.57,5.15
Hg,80,150.0,229.0,14.8,200.592,629.73,,268.0,,132.0,133.0,142.0,,,13.5336,33.91,,80,58.5,2.295,,76,61.38,2.99,202,234.28,79,139.0,151.0,122,74,,80,0.138,8.3,223.0,245.0,204.99999999999997,,,252.99999999999997,,,270.5,10.44,0.00024591554073152854,0.18085012280143273,0.16899999999999998,0.032706766917293295,3.8206265193028224,,0.7073230627108447,1.9,1.1647894003115902,2.92,,12,4.3500000000000085,95897.7,2,25.0,0.0,10.4375,2.295,0.0,-0.250105562414,3.695665057,4.656246199,0.0,25.2375862069,152.0,0.0,26.0,0.0,10.0,0.0,14.0,0.0,0.0,0.0,2.0,18.7568,,166.0,1.24,4.2
Tl,81,190.0,242.0,17.2,204.38,1730.0,,509.0,190.0,145.0,144.0,142.0,150.0,,11.8,50.0,0.377,81,162.4,4.31,,81,182.2,3.46,205,576.6,85,144.0,160.0,124,78,,81,0.128,46.1,196.0,247.0,220.00000000000003,196.0,,259.0,,,434.69999999999993,,0.00024112654320987653,0.18633899812498247,0.173447,0.034722222222222224,4.335457953511563,3.0541435,0.3914867641168864,1.8,0.9245095569512645,2.26,2.8656435,3,5.0,98591.6,2,43.0,19.2,6.108194,4.142,0.0,-2.27267753,3.775558738,4.756905929,0.0,26.91,172.0,5.0,27.0,0.0,10.0,0.0,14.0,5.0,1.0,0.0,2.0,20.4283,2.8,194.0,1.12,3.9
Pb,82,180.0,249.00000000000003,18.3,207.2,2013.0,,534.0,,146.0,144.0,135.0,137.0,,11.3,47.0,0.35674316,82,177.8,4.77,,82,195.2,4.95,208,600.65,91,150.0,170.0,126,82,,82,0.159,35.3,202.0,260.0,229.99999999999997,202.0,,274.0,,,429.7,10.97,0.00027247299382716076,0.19808107206674533,0.17791099999999999,0.03923611111111115,4.91729187663291,3.7083398,0.4398663212684365,1.8,0.9313225746154785,2.62,3.52996822,4,5.650000000000006,101336.4,2,46.0,35.1,7.41663,4.774,0.0,-3.62902961,3.830865877,4.826588558,0.0,28.11,174.0,4.0,28.0,0.0,10.0,0.0,14.0,4.0,2.0,0.0,2.0,15.03248,5.6,225.0,1.15,4.1
Bi,83,160.0,250.0,21.3,208.9804,1883.0,,513.0,148.0,148.0,151.0,141.0,135.0,,9.79,48.0,0.942362,83,172.0,11.0,,92,209.6,4.75,209,544.5,97,151.0,178.0,126,87,,83,0.124,7.9,206.99999999999997,254.0,229.99999999999997,,,266.0,,206.99999999999997,437.0,11.9,0.00027630367089162745,0.20425928205258076,0.182377,0.04172185430463574,5.473052457267333,3.642758,0.4705180144405143,1.9,0.8136501417840161,2.69,3.171577,5,6.299999999999997,104132.8,2,31.0,91.2,7.2855,11.106,0.0,-3.9736944,4.039197959,5.089070533,0.0,32.95,162.0,3.0,29.0,0.0,10.0,0.0,14.0,3.0,3.0,0.0,2.0,16.703,12.0,12.0,1.16,4.15
Po,84,190.0,250.0,22.7,209.0,1235.0,,424.0,,140.0,145.0,135.0,129.0,,9.2,44.0,1.9,84,102.9,10.0,,93,,3.35,208,527.0,103,,,124,91,,84,0.125,,197.0,,,,,259.0,,197.0,470.9,13.0,0.0003305588585017837,0.2189315748875859,0.186842,0.04793103448275864,6.011294924279349,4.207,0.5147142492000893,2.0,0.925630661892272,2.85,3.2569999999999997,6,6.950000000000003,106982.7,3,,183.3,8.414,10.0,0.0,-4.03934834875,4.262821718,5.370818814,0.0,38.73125,168.0,2.0,30.0,0.0,10.0,0.0,14.0,2.0,4.0,0.0,2.0,,,221.0,,
At,85,,247.00000000000003,,210.0,610.0,,351.0,,150.0,147.0,138.0,138.0,,7.0,42.0,2.8,85,,,,98,,,210,575.0,110,,,125,96,,85,,,202.0,,,,,250.99999999999997,,202.0,475.0,14.1,0.00035170530797352993,0.2273778359297777,0.19130999999999998,0.051700680272108904,6.556539919369492,4.658755,0.5503212081491045,2.2,0.8948602520024974,3.04,3.2587550000000003,7,7.6000000000000085,109886.0,5,,270.1,,,0.0,-4.03934834875,4.262821718,5.370818814,0.0,38.73125,,1.0,31.0,0.0,10.0,0.0,14.0,1.0,5.0,0.0,2.0,,,,,
Rn,86,,243.00000000000003,,222.0,211.4,,408.0,,150.0,142.0,145.0,133.0,,0.009074,35.0,,86,18.1,,,6,,,210,202.0,117,,,124,6,,86,0.094,0.0036,220.00000000000003,240.0,,,,243.00000000000003,,220.00000000000003,476.49999999999994,15.4,0.0004091450109105336,0.2410364942271103,0.195772,0.058098591549295774,7.118185337570243,,0.6114214174657597,,1.0,3.04,,8,8.25,112843.7,1,,0.0,10.7485,,0.0,-4.03934834875,4.262821718,5.370818814,0.0,38.73125,,0.0,32.0,0.0,10.0,0.0,14.0,0.0,6.0,0.0,2.0,,,,,
Fr,87,,258.0,,223.0,950.0,,,,260.0,223.0,218.0,,,1.87,317.8,0.486,87,,15.0,,7,,,212,300.0,6,,,125,7,,87,,,348.0,,,,,364.0,,348.0,490.00000000000006,,4.423977960546166e-05,0.09932507665246451,0.08731,0.00986547085201795,2.0181032926983695,2.03637045,0.14653747448537902,0.7,0.2607619694720678,2.01,1.7933704500000003,1,2.200000000000003,115859.0,1,,,4.072741,,0.0,-4.03934834875,4.262821718,5.370818814,0.0,38.73125,,1.0,1.0,0.0,0.0,0.0,0.0,0.0,0.0,1.0,1.0,,,,,
Ra,88,215.0,292.0,45.0,226.0,1413.0,,,,221.0,200.99999999999997,173.0,159.0,,5.0,246.0,0.1,88,113.0,9.6,,13,159.0,,226,973.0,10,,,138,13,,88,0.12,,283.0,,,,,327.0,,283.0,367.7,,7.05428083463283e-05,0.1190760449360491,0.09788999999999999,0.014179104477611984,2.777190756862049,2.639212,0.20107818794899246,0.9,0.3596254129512225,2.15,2.5892120000000003,2,2.8500000000000085,118931.3,1,,,5.278423,7.7,0.0,-4.03934834875,4.262821718,5.370818814,0.0,38.73125,,0.0,2.0,0.0,0.0,0.0,0.0,0.0,0.0,0.0,2.0,10.14715,,229.0,,
Ac,89,195.0,293.0,22.54,227.0,3470.0,,,,215.0,186.0,153.0,140.0,,10.0,203.0,0.35,89,292.9,10.5,,33,406.0,5.31,225,1320.0,14,,,136,48,,89,,,247.00000000000003,280.0,,,,308.0,,,347.8,,8.671522719389525e-05,0.1270001270001905,0.10032999999999999,0.016129032258064516,2.9266214309336287,2.690113,0.24540029036909197,1.1,0.4583164079436947,2.22,2.5151130000000004,3,3.0,122062.9,1,,,5.17,12.0,0.0,-4.1050022975,4.465163104,5.625752986,0.0,44.5125,,9.0,3.0,9.0,1.0,0.0,0.0,0.0,0.0,0.0,2.0,11.75,,225.0,,
Th,90,180.0,288.0,19.8,232.0377,5060.0,,,,206.0,175.0,143.0,136.0,,11.7,217.0,,90,513.7,16.11,,34,602.0,5.08,232,2028.0,16,,,142,47,,90,0.113,,245.00000000000003,293.0,240.0,,,274.0,,,339.6,,0.00010285714285714305,0.1341640786499875,0.10277,0.018000000000000033,3.017175831800328,,0.20966378445953726,1.3,0.555701877186589,2.62,,2,3.1500000000000057,125253.4,1,54.0,,6.3067,13.81,0.0,-7.41254306,4.015357627,5.059033597,0.0,32.37,178.0,8.0,4.0,8.0,2.0,0.0,0.0,0.0,0.0,0.0,2.0,11.9,31.0,225.0,1.28,3.3
Pa,91,180.0,285.0,15.0,231.03588,4300.0,,,,200.0,169.0,138.0,129.0,,15.4,154.0,,91,481.2,16.7,,35,563.0,3.92,231,2113.0,18,,,140,46,,91,0.121,,243.00000000000003,288.0,,,,264.0,,,342.4,,0.00010503833899373271,0.13323467750529824,0.12149000000000001,0.01775147928994083,2.982448658401348,,0.2350551431604272,1.5,0.623065691535318,2.33,,2,3.0,128507.0,2,,,5.89,12.34,0.0,-9.49741247,3.692852039,4.652702018,0.0,25.18,165.0,21.0,5.0,9.0,1.0,12.0,2.0,0.0,0.0,0.0,2.0,,,139.0,,
U,92,175.0,283.0,12.5,238.02891,4018.0,,,,196.0,170.0,134.0,118.0,,19.1,129.0,,92,417.0,12.6,973.2,36,533.0,2.85,238,1405.5,20,,,146,45,995.2,92,0.115,27.5,241.0,271.0,229.99999999999997,,,252.0,,,339.5,,0.00010380622837370242,0.1328422328310143,0.13207,0.01764705882352941,2.981949865440397,,0.24935232870451163,1.7,0.6181179979395386,2.45,,2,3.0,131821.0,4,100.0,,6.1941,9.14,0.0,-11.292339955,3.42137628,4.310663995,0.0,20.025,158.0,20.0,6.0,9.0,1.0,11.0,3.0,0.0,0.0,0.0,2.0,10.6,111.0,63.0,1.51,3.9
Np,93,175.0,281.0,21.1,237.0,4175.0,,,,190.0,171.0,136.0,116.0,,20.2,151.0,,93,336.0,9.6,,37,464.8,4.72,236,913.0,22,,,143,44,,93,,,239.0,282.0,,,,252.0,,,342.4,,0.00010259567046270647,0.13245323570650439,0.14265,0.017543859649122806,2.9803942692200978,,0.23660160305391675,1.3,0.6132539757176252,2.35,,2,3.0,135202.0,4,,,6.2657,3.2,0.0,-12.9403143562,3.329442683,4.194834921,0.0,18.45375,175.0,19.0,7.0,9.0,1.0,10.0,4.0,0.0,0.0,0.0,2.0,,,62.0,,
Pu,94,175.0,278.0,,244.0,3505.0,,,,187.0,172.0,135.0,,,19.7,132.0,,94,343.5,2.8,,38,345.0,,238,914.0,24,,,144,43,,94,,,243.00000000000003,281.0,,,,252.0,,,342.4,,9.633585722011927e-05,0.12872360871984795,0.16137,0.016569767441860516,2.960219586449627,,0.2474488015799764,1.3,0.6084716517443038,2.22,,2,2.8500000000000085,138646.0,4,,,6.026,2.824,0.0,-14.326634305,3.306811764,4.166321749,0.3180036375,18.08,175.0,8.0,8.0,0.0,0.0,8.0,6.0,0.0,0.0,0.0,2.0,11.2,43.0,11.0,1.44,3.8
Am,95,175.0,276.0,20.8,243.0,2880.0,,,,180.0,166.0,135.0,,,12.0,131.0,,95,238.5,10.0,,39,284.0,,241,1267.0,26,,,146,42,,95,,,244.0,283.0,,,,,,,338.1,,0.00010342575119756164,0.1310292894691688,0.17194,0.017168674698795232,2.972692382336255,,0.24807684691733564,,0.6834156763033927,2.28,,2,2.8500000000000085,142161.0,4,,,5.9738,14.39,0.0,-14.326634305,3.306811764,4.166321749,0.3180036375,18.08,,7.0,9.0,0.0,0.0,7.0,7.0,0.0,0.0,0.0,2.0,,,194.0,,
Cm,96,,276.0,18.28,247.0,,,,,169.0,166.0,136.0,,,13.51,144.0,,96,,,,40,386.0,,243,1340.0,28,,,147,41,,96,,,245.00000000000003,305.0,,,,,,,332.6,,0.00010886921178690666,0.13443321448446624,0.17439000000000002,0.018072289156626505,2.8276668827851696,,0.2403749283845681,,0.6900094787020062,2.31,,2,3.0,145743.0,2,,,5.9914,14.64,0.0,-14.326634305,3.306811764,4.166321749,0.3180036375,18.08,,16.0,10.0,9.0,1.0,7.0,7.0,0.0,0.0,0.0,2.0,,,194.0,,
Bk,97,,,,247.0,,,,,,168.0,139.0,,,14.78,125.0,,97,,,,41,310.0,,247,,30,,,150,40,,97,,,244.0,340.0,,,,,,,333.9,,0.00010097789115646289,0.13024701806293212,0.19315,0.016964285714285765,3.0081389595562236,,0.25198420997897464,,0.6720603769263958,2.08,,2,2.8500000000000085,149398.0,2,,,6.1979,,0.0,-14.326634305,3.306811764,4.166321749,0.3180036375,18.08,,5.0,11.0,0.0,0.0,5.0,9.0,0.0,0.0,0.0,2.0,,,194.0,,
Cf,98,,,,251.0,,,,,,168.0,140.0,,,15.1,122.0,,98,,,,42,196.0,,249,900.0,32,,,151,39,,98,,,245.00000000000003,305.0,,,,,,,331.3,,0.00010097789115646289,0.13024701806293212,0.20369,0.016964285714285765,3.0233838658033485,,0.2540329520093663,,0.6785031788138821,2.18,,2,2.8500000000000085,153124.0,2,,,6.2817,,0.0,-14.326634305,3.306811764,4.166321749,0.3180036375,18.08,,4.0,12.0,0.0,0.0,4.0,10.0,0.0,0.0,0.0,2.0,11.8,,194.0,,
Es,99,,,,252.0,1130.0,,,,,165.0,140.0,,,8.84,118.0,,99,,,,43,133.0,,252,,34,,,153,38,,99,,,245.00000000000003,270.0,,,,,,,329.9,,0.00010468319559228682,0.13142574813455438,0.21427,0.017272727272727325,3.0469328840655483,,0.2568715439661365,,0.7230333980393967,2.29,,2,2.8500000000000085,156926.0,1,,,6.42,9.41,0.0,-14.326634305,3.306811764,4.166321749,0.3180036375,18.08,,3.0,13.0,0.0,0.0,3.0,11.0,0.0,0.0,0.0,2.0,12.0,,,,
Fm,100,,,,257.0,,,,,,167.0,,,,9.7,113.0,,100,,,,44,,,253,1800.0,36,,,153,37,,100,,,245.00000000000003,,,,,,,,328.6,,0.00010219082792498865,0.1306363971620203,0.22485,0.017065868263473106,2.8722813232690143,,0.2606056641783871,,0.704008955595249,2.38,,2,2.8500000000000085,160804.0,1,,,6.5,,0.0,-14.326634305,3.306811764,4.166321749,0.3180036375,18.08,,2.0,14.0,0.0,0.0,2.0,12.0,0.0,0.0,0.0,2.0,,,,,
